X,Y,Z,Log_X,Sqrt_Y,X_Squared,Z_Exp,Sum_XY,Product_XYZ
29,1,25,3.367295829986474,1.0,841,72004899337.38588,30,725
9,35,30,2.19722457733622,5.916079783099616,81,10686474581524.465,44,9450
31,37,8,3.4339872044851463,6.082762530298219,961,2980.9579870417283,68,9176
29,47,12,3.367295829986474,6.855654600401044,841,162754.79141900392,76,16356
4,34,21,1.3862943611198906,5.830951894845301,16,1318815734.4832146,38,2856
