X,Y,Z,Log_X,Sqrt_Y,X_Squared,Z_Exp
29,1,25,3.367295829986474,1.0,841,72004899337.38588
9,35,30,2.1972245773362196,5.916079783099616,81,10686474581524.463
31,37,8,3.4339872044851463,6.082762530298219,961,2980.9579870417283
29,47,12,3.367295829986474,6.855654600401044,841,162754.79141900392
4,34,21,1.3862943611198906,5.830951894845301,16,1318815734.4832146
